"","9E_pop.mean","9E_pop.sd","9E_samp.mean","9E_samp.sd","AA_pop.mean","AA_pop.sd","AA_samp.mean","AA_samp.sd","AQ_pop.mean","AQ_pop.sd","AQ_samp.mean","AQ_samp.sd","AS_pop.mean","AS_pop.sd","AS_samp.mean","AS_samp.sd","B6_pop.mean","B6_pop.sd","B6_samp.mean","B6_samp.sd","CO_pop.mean","CO_pop.sd","CO_samp.mean","CO_samp.sd","DH_pop.mean","DH_pop.sd","DH_samp.mean","DH_samp.sd","DL_pop.mean","DL_pop.sd","DL_samp.mean","DL_samp.sd","EA_pop.mean","EA_pop.sd","EA_samp.mean","EA_samp.sd","EV_pop.mean","EV_pop.sd","EV_samp.mean","EV_samp.sd","F9_pop.mean","F9_pop.sd","F9_samp.mean","F9_samp.sd","FL_pop.mean","FL_pop.sd","FL_samp.mean","FL_samp.sd","HA_pop.mean","HA_pop.sd","HA_samp.mean","HA_samp.sd","HP_pop.mean","HP_pop.sd","HP_samp.mean","HP_samp.sd","ML (1)_pop.mean","ML (1)_pop.sd","ML (1)_samp.mean","ML (1)_samp.sd","MQ_pop.mean","MQ_pop.sd","MQ_samp.mean","MQ_samp.sd","NW_pop.mean","NW_pop.sd","NW_samp.mean","NW_samp.sd","OH_pop.mean","OH_pop.sd","OH_samp.mean","OH_samp.sd","OO_pop.mean","OO_pop.sd","OO_samp.mean","OO_samp.sd","PA (1)_pop.mean","PA (1)_pop.sd","PA (1)_samp.mean","PA (1)_samp.sd","PI_pop.mean","PI_pop.sd","PI_samp.mean","PI_samp.sd","PS_pop.mean","PS_pop.sd","PS_samp.mean","PS_samp.sd","TW_pop.mean","TW_pop.sd","TW_samp.mean","TW_samp.sd","TZ_pop.mean","TZ_pop.sd","TZ_samp.mean","TZ_samp.sd","UA_pop.mean","UA_pop.sd","UA_samp.mean","UA_samp.sd","US_pop.mean","US_pop.sd","US_samp.mean","US_samp.sd","VX_pop.mean","VX_pop.sd","VX_samp.mean","VX_samp.sd","WN_pop.mean","WN_pop.sd","WN_samp.mean","WN_samp.sd","XE_pop.mean","XE_pop.sd","XE_samp.mean","XE_samp.sd","YV_pop.mean","YV_pop.sd","YV_samp.mean","YV_samp.sd"
"1989",NA,NA,0,0,6.17722701513284,26.0372849444452,7.52714817242123,0.642696339355473,NA,NA,0,0,7.45259565336499,21.9921264331106,7.18081501658592,0.379969152556064,NA,NA,0,0,5.54832600391616,27.700300266556,5.31013909679367,0.909173281707641,NA,NA,0,0,8.43665620971815,21.3986740775552,8.05616372900468,0.456339841853447,5.96464592984778,27.5310047341706,7.10082097662344,1.14658922832672,NA,NA,0,0,NA,NA,0,0,NA,NA,0,0,NA,NA,0,0,5.92844633990564,16.0360255381438,5.90909093301352,0.240812057837215,NA,NA,0,0,NA,NA,0,0,6.03604101141127,23.5881098149836,4.62090140059838,0.534849652965628,NA,NA,0,0,NA,NA,0,0,9.56207006981362,30.8226904102532,11.4479399150212,0.80464951670581,13.8428796935138,27.1307436698602,13.6574990953376,0.587022088512694,NA,NA,0,0,7.57684072905688,25.173885425617,9.91965184984141,0.774723497954529,NA,NA,0,0,11.2276201493173,29.6244288511882,10.6049833220921,0.717185615214524,11.5434576098279,25.6672354229983,8.88113287024311,0.533626152037915,NA,NA,0,0,6.76878325920077,19.396327277974,8.86690007072944,0.469297560735141,NA,NA,0,0,NA,NA,0,0
"1990",NA,NA,0,0,6.4921699873473,27.9546842071125,6.50944549500079,0.671866410233606,NA,NA,0,0,7.05229069731293,21.3076711902731,5.57513478558452,0.365760417725082,NA,NA,0,0,7.83238732884605,27.4232386717352,9.67519319654202,1.04877072172772,NA,NA,0,0,9.43739269513119,23.8514792865187,9.26747251814258,0.682893739881832,6.11843969627121,30.2784005449101,6.38185862766635,0.824082392436532,NA,NA,0,0,NA,NA,0,0,NA,NA,0,0,NA,NA,0,0,5.72174647545536,18.0086648597734,6.10802077820757,0.246893602774191,NA,NA,0,0,NA,NA,0,0,3.82924429038685,24.5962805559813,4.4030724948085,0.773765238623003,NA,NA,0,0,NA,NA,0,0,1.97586736185557,29.7061243809529,2.215683513742,0.718172394204817,NA,NA,0,0,NA,NA,0,0,7.467288856034,27.3851489405187,7.87897663717437,0.660389238114794,NA,NA,0,0,7.44900229717118,27.1048194235158,7.49496655061733,0.604656147499557,5.995538660729,21.3941038655522,7.82994919722769,0.716888372231663,NA,NA,0,0,6.91722392350478,20.56957235692,5.585019341775,0.423444055306255,NA,NA,0,0,NA,NA,0,0
"1991",NA,NA,0,0,3.87043551648646,24.1592594700455,2.79906857391968,1.19753734272646,NA,NA,0,0,4.29789807024196,18.689077379454,3.81123074255053,0.201311252939244,NA,NA,0,0,4.54400026685601,25.1317567508431,4.80042475288346,0.583401203905843,NA,NA,0,0,6.72478193803651,21.8271207594277,7.39200433858374,0.445700620259159,NA,NA,0,0,NA,NA,0,0,NA,NA,0,0,NA,NA,0,0,NA,NA,0,0,4.93484425784235,20.6750053836077,6.81028087736714,0.398722201638691,4.74760919573489,26.9765816850251,6.88222100933437,0.869772776154233,NA,NA,0,0,1.72845059929443,22.3603344761432,1.52961287683029,0.481330220396886,NA,NA,0,0,NA,NA,0,0,0.721840778041384,25.5948442905075,-0.0942070119916243,0.519357738836875,NA,NA,0,0,NA,NA,0,0,5.00342539352552,22.906754049384,6.98567308137104,0.482246426771052,NA,NA,0,0,6.66093468804726,26.3029414163364,7.93567108214689,0.675802030488809,3.92350896794864,18.2019802686537,4.15031794976816,0.337693261219599,NA,NA,0,0,4.96174371627,19.1091012172968,7.1379878177765,0.436406097496315,NA,NA,0,0,NA,NA,0,0
"1992",NA,NA,0,0,5.16613988962193,24.1477038183277,4.64905631034878,0.462198959935705,NA,NA,0,0,4.69440748316883,19.6815798041886,4.65280700743252,0.410931759160719,NA,NA,0,0,5.74371954676943,25.287100553426,6.55438562937115,0.587852350493091,NA,NA,0,0,7.48516469728454,21.4906327775522,6.82596646417297,0.337004528951247,NA,NA,0,0,NA,NA,0,0,NA,NA,0,0,NA,NA,0,0,NA,NA,0,0,2.01958563214613,17.9656537329315,2.12825345959492,0.47200061537114,NA,NA,0,0,NA,NA,0,0,2.2647700311732,21.7600410491633,0.211203971838304,0.505437353716781,NA,NA,0,0,NA,NA,0,0,NA,NA,0,0,NA,NA,0,0,NA,NA,0,0,3.8322910884983,23.2703516758807,2.94626994279839,0.406854958418543,NA,NA,0,0,4.90352123971523,24.0478162009313,3.66733148069864,0.481496273159674,5.99227176583797,20.5127799572288,4.41980060219916,0.232395915690016,NA,NA,0,0,0.462155473003145,13.939795945007,0.69194693068461,0.211136762754371,NA,NA,0,0,NA,NA,0,0
"1993",NA,NA,0,0,6.08007544824794,25.2737202338401,7.36177707433313,0.626902782053883,NA,NA,0,0,4.96174263037385,16.10863510127,3.67277648812306,0.232275379081012,NA,NA,0,0,5.61590767099802,28.0586576425943,4.95761837246301,0.745712732794852,NA,NA,0,0,8.63528189163413,22.2253816771589,10.1759287034453,0.524848159029564,NA,NA,0,0,NA,NA,0,0,NA,NA,0,0,NA,NA,0,0,NA,NA,0,0,4.79690743993977,18.9455655805476,4.61702127659574,0.429422063557155,NA,NA,0,0,NA,NA,0,0,1.94920382199773,21.6199263564056,3.67756512166657,0.753207240179635,NA,NA,0,0,NA,NA,0,0,NA,NA,0,0,NA,NA,0,0,NA,NA,0,0,3.62472677709166,22.2778545232697,2.34792342143827,0.388439270555947,NA,NA,0,0,6.79360853028347,25.931759650999,6.52185827503932,0.557088391543149,4.19449278341936,21.3816207657784,5.15775333211365,0.708441521075751,NA,NA,0,0,2.31550046258044,16.4420011120933,3.57616170675188,0.346111077541527,NA,NA,0,0,NA,NA,0,0
"1994",NA,NA,0,0,5.6965564881402,25.9997172105278,6.52834765903218,0.725219450710506,NA,NA,0,0,5.75669158427779,16.3169575673776,4.74049457388903,0.209145942725587,NA,NA,0,0,7.27915762652001,28.9355024385172,10.7772765324682,1.46068227043031,NA,NA,0,0,6.57316003979482,21.1964978050677,6.74763061130517,0.528748168304412,NA,NA,0,0,NA,NA,0,0,NA,NA,0,0,NA,NA,0,0,NA,NA,0,0,7.90205764120733,20.8758615633313,8.27152988855116,0.545980947591407,NA,NA,0,0,NA,NA,0,0,2.05792372445391,23.1234165838591,2.79150710091174,0.677809499791745,NA,NA,0,0,NA,NA,0,0,NA,NA,0,0,NA,NA,0,0,NA,NA,0,0,5.75913485042027,25.7161467627023,8.08941727498292,1.01681633569695,NA,NA,0,0,5.13481730298658,24.503760506361,5.75061462571158,0.659135596842111,6.42670592202661,24.0406661810102,6.5043109282699,0.627931239260199,NA,NA,0,0,4.5956443470434,17.7099960535246,2.92547834843907,0.229289818434517,NA,NA,0,0,NA,NA,0,0
"1995",NA,NA,0,0,7.26821405258507,30.3900060047694,7.31673663618089,0.593797636953626,NA,NA,0,0,8.62947666706861,22.2528517859862,8.18391180247929,0.402869935412926,NA,NA,0,0,6.34587829231599,28.1237702971215,8.17079772112563,0.897138571750804,NA,NA,0,0,8.24730370229152,25.2461721312896,6.93817574554917,0.539088511814195,NA,NA,0,0,NA,NA,0,0,NA,NA,0,0,NA,NA,0,0,NA,NA,0,0,9.15338228679616,24.4738631598922,9.1989847715736,0.496629681624195,NA,NA,0,0,NA,NA,0,0,4.8809177458459,28.7692017459015,3.7539701068543,0.550456130353622,NA,NA,0,0,NA,NA,0,0,NA,NA,0,0,NA,NA,0,0,NA,NA,0,0,8.90269531014528,30.3909302171132,9.32137899214197,0.77461816000243,NA,NA,0,0,7.22449611966366,27.7310591796915,5.24473856885429,0.69683366533507,6.14472550411331,21.8642609314184,5.26958970605244,0.402904705675677,NA,NA,0,0,6.3741943032652,20.398147389769,6.28309572301426,0.34031694827535,NA,NA,0,0,NA,NA,0,0
"1996",NA,NA,0,0,10.8997983662658,36.917785059183,11.3969077434034,1.0534366213807,NA,NA,0,0,13.2271204285318,29.1261225883394,9.46903839706534,0.447658432716006,NA,NA,0,0,9.45298473995486,32.2895237402592,10.2692152883161,1.31061425693076,NA,NA,0,0,11.5118850784994,29.7948830607105,13.3335119472509,0.938387360881217,NA,NA,0,0,NA,NA,0,0,NA,NA,0,0,NA,NA,0,0,NA,NA,0,0,13.0090878764291,29.3062670013056,12.8221544715447,0.840356500157889,NA,NA,0,0,NA,NA,0,0,7.13677034023386,32.3823527427395,6.69218786605319,1.00501901556115,NA,NA,0,0,NA,NA,0,0,NA,NA,0,0,NA,NA,0,0,NA,NA,0,0,11.7626055944211,31.8808639207777,12.4386470395078,1.02515063434046,NA,NA,0,0,10.2946772004979,32.3734997354946,9.89595405494973,0.92877017887978,8.17945854124642,25.8381391499951,9.76368591741692,0.711055416246642,NA,NA,0,0,6.89038440672608,22.0573303234559,6.03051881993896,0.485644206014501,NA,NA,0,0,NA,NA,0,0
"1997",NA,NA,0,0,4.85954991202111,34.3419013204436,7.14470513679394,1.25920101867166,NA,NA,0,0,9.51258055788722,25.3435189012088,6.69543641215513,0.380053929868874,NA,NA,0,0,7.99401029551569,31.5089607726945,8.26223870062685,1.29825142332276,NA,NA,0,0,9.52065415488079,26.7988768096794,10.6722732838216,0.873645252741527,NA,NA,0,0,NA,NA,0,0,NA,NA,0,0,NA,NA,0,0,NA,NA,0,0,9.28496440712153,27.2517869677222,8.91801619433198,0.690640427583449,NA,NA,0,0,NA,NA,0,0,8.69577521962577,33.7435390417169,10.9140957814977,1.28339055038994,NA,NA,0,0,NA,NA,0,0,NA,NA,0,0,NA,NA,0,0,NA,NA,0,0,5.68413481836286,27.6958932946109,7.16054963100048,1.00023796255296,NA,NA,0,0,8.71392548168063,29.1998345098523,7.44797731257616,0.616371649301733,5.56948560722194,23.0058342432734,6.44402200985774,0.716601918708963,NA,NA,0,0,6.6374513013503,21.4674003471112,5.7920892494929,0.356045280029042,NA,NA,0,0,NA,NA,0,0
"1998",NA,NA,0,0,4.39939031086929,34.2866053845943,4.64707367277769,1.05423420176623,NA,NA,0,0,11.4531380753138,26.9717474227384,10.8683500826041,0.771707584190796,NA,NA,0,0,7.84554723981322,35.6497591829112,9.93619222381122,1.48669526830344,NA,NA,0,0,5.76009835893648,27.1293975947223,8.55753717275313,0.941300815144715,NA,NA,0,0,NA,NA,0,0,NA,NA,0,0,NA,NA,0,0,NA,NA,0,0,15.3485084679067,36.5268417887005,14.0704828584085,1.06992705547528,NA,NA,0,0,NA,NA,0,0,7.95557585129679,38.5778631886921,11.0123402207247,2.35636746555284,NA,NA,0,0,NA,NA,0,0,NA,NA,0,0,NA,NA,0,0,NA,NA,0,0,7.5026059438016,32.4273485381106,11.8368247262882,1.28614408434351,NA,NA,0,0,10.9979090505878,34.3396174067846,12.8657254141881,1.29645669716579,6.18764722823238,27.6519708529952,6.93817604152985,0.880788900189797,NA,NA,0,0,7.30456500124285,23.6907499399524,6.83418107833164,0.447179780883232,NA,NA,0,0,NA,NA,0,0
"1999",NA,NA,0,0,8.91891650804258,39.3742885592172,10.9156047619816,1.3779102505656,NA,NA,0,0,11.0037225222586,28.8176368671231,9.90487507215447,0.79005449115718,NA,NA,0,0,8.48035416261378,37.5484176256044,8.01409547563551,1.72448372033125,NA,NA,0,0,6.67893254831691,29.24672727245,7.42315102001764,0.915061135446004,NA,NA,0,0,NA,NA,0,0,NA,NA,0,0,NA,NA,0,0,NA,NA,0,0,13.2082344751858,34.2201136594518,11.9468845760981,0.932711791255592,NA,NA,0,0,NA,NA,0,0,4.38988045157639,35.9808329259202,4.47164762947895,0.935246996153876,NA,NA,0,0,NA,NA,0,0,NA,NA,0,0,NA,NA,0,0,NA,NA,0,0,6.00888076463383,32.11017141041,10.625232972858,1.61309704355674,NA,NA,0,0,9.88241489889842,35.1465858421557,10.8056663042914,1.24039381036143,10.4416092420539,32.5996396026548,11.2060007184843,1.17891874666151,NA,NA,0,0,7.46984291247169,24.7056354702504,7.46099290780142,0.654304911493517,NA,NA,0,0,NA,NA,0,0
"2000",NA,NA,0,0,9.72682610085793,41.608060223846,10.5580408592561,2.26837152685833,2.54156310411489,11.1245562857833,3.30121566316684,0.155225409984209,12.821446179129,33.505971730572,12.9089718490227,1.26510932496546,NA,NA,0,0,6.84996245748863,37.1922445427645,6.33213844571116,1.28690982193449,NA,NA,0,0,8.27956267558207,32.9037796380392,6.43958708297541,0.847093829509309,NA,NA,0,0,NA,NA,0,0,NA,NA,0,0,NA,NA,0,0,NA,NA,0,0,14.9381179492321,35.8688950438954,16.5850840336134,1.47264937515675,NA,NA,0,0,NA,NA,0,0,5.94914788139557,36.7909074796859,4.4900122927127,1.0201459281573,NA,NA,0,0,NA,NA,0,0,NA,NA,0,0,NA,NA,0,0,NA,NA,0,0,9.14352190234924,33.8456580307545,8.48146923873774,1.12045478169076,NA,NA,0,0,18.4795919484543,43.0910388909332,17.4040102847594,1.62890652794811,9.86189475560457,32.9573763519912,9.59301843535976,1.15246171931484,NA,NA,0,0,10.477490008881,28.4096803284013,9.8010152284264,0.742951471846886,NA,NA,0,0,NA,NA,0,0
"2001",NA,NA,0,0,5.78260519375157,36.6513186022967,5.14866895657067,1.11224633116887,4.88856389080064,25.3055926178359,4.55623237900976,0.576239883386685,11.7168791039011,31.074570433167,13.6143151474133,0.953530758924025,NA,NA,0,0,3.32328462698454,33.3645106656983,5.17689939434151,1.31700209169567,NA,NA,0,0,4.98430825418555,29.8033165235993,7.11362983194665,1.11795209778405,NA,NA,0,0,NA,NA,0,0,NA,NA,0,0,NA,NA,0,0,NA,NA,0,0,8.32405804230202,31.3710151196061,10.9824198552223,1.07665825704636,NA,NA,0,0,7.76109929578708,33.0109220261251,12.0278882383135,1.22872900946292,3.15180256058136,34.8082780581566,2.65010095055419,0.877513722901015,NA,NA,0,0,NA,NA,0,0,NA,NA,0,0,NA,NA,0,0,NA,NA,0,0,4.24849496084383,27.2049677368922,5.62148011232343,0.763386407809602,NA,NA,0,0,8.62553004431739,36.2815291064377,9.82396246455515,1.69687100546573,3.51355163175506,28.7002589868837,2.82369893831073,0.672052550312726,NA,NA,0,0,4.85582193387675,23.1149978829246,6.44197780020182,0.533182174480986,NA,NA,0,0,NA,NA,0,0
"2002",NA,NA,0,0,1.18290844591542,34.9298820091571,2.36200220319168,1.00960272395979,NA,NA,0,0,5.40405902869558,28.7229721483313,4.80397892365885,0.641760965684161,NA,NA,0,0,2.29723428924789,29.6098990131817,0.4454461989271,0.500841576417517,NA,NA,0,0,5.71229916350846,28.3631323852053,8.54214869682391,0.996883241229256,NA,NA,0,0,NA,NA,0,0,NA,NA,0,0,NA,NA,0,0,NA,NA,0,0,2.47897733719815,27.452628476751,-0.473259334006054,0.450094189696429,NA,NA,0,0,4.21475440569929,29.7298397443742,4.67524632558643,1.00182391779764,3.53363130128957,34.8234014174481,6.4870638738551,1.08682896697573,NA,NA,0,0,NA,NA,0,0,NA,NA,0,0,NA,NA,0,0,NA,NA,0,0,NA,NA,0,0,NA,NA,0,0,2.43308374983045,30.0282981825572,3.18855886851664,0.725663931402625,1.46994374407611,26.0449752026798,4.57904197951365,0.902783665567668,NA,NA,0,0,3.89069940405345,22.6492410940034,3.76961770623742,0.451169673875819,NA,NA,0,0,NA,NA,0,0
"2003",NA,NA,0,0,3.20733799370944,35.3327867157161,0.023620571057607,0.657878283896925,NA,NA,0,0,3.17767541021053,28.369778180584,1.27227097578255,0.718393634306565,0.986033686986753,30.6766680690042,0.37625754527163,0.50722761938675,3.78293973846313,31.2665496015325,2.90873317874626,1.50175496578126,6.5338202207064,41.9872174376856,8.15213659449605,1.40639492787456,3.85529771591261,26.8100325410741,3.46861099045938,0.774795131819897,NA,NA,0,0,6.65989653621233,32.4910196388651,8.98555811498351,1.60783900985049,NA,NA,0,0,8.36606986563224,32.8861639515156,6.26663456526311,1.06125325580034,-0.142967145790554,17.0760330345516,-0.510484060367836,0.290790481317025,3.06153279292557,28.9161575905265,4.07583417593529,0.955245962174442,NA,NA,0,0,4.23933362577187,32.4544396853677,2.31236037334627,1.28638347106725,1.96324810979251,30.1163752677768,0.984253585580738,0.720684652730964,NA,NA,0,0,2.2876037171402,28.7978091887383,2.73186465501915,0.429733432929674,NA,NA,0,0,NA,NA,0,0,NA,NA,0,0,NA,NA,0,0,4.95959862301326,36.9565422578983,4.49770898093112,1.11819065646698,3.11390823898224,31.7905962529373,-1.7907112488335,0.615644211410466,4.22309796833486,27.3483187353945,4.6514328171218,0.830678366940653,NA,NA,0,0,2.06386298590312,21.7453654950153,2.6105476673428,0.506365053839834,5.22896748033311,29.9891070809285,5.73434150429028,1.20118994827911,NA,NA,0,0
"2004",NA,NA,0,0,8.14362266289945,40.332814150846,10.598906169543,1.84001224352446,NA,NA,0,0,6.64063872255489,33.3761148147383,5.40523516845118,0.822263996623518,1.62829128195923,28.566733864595,0.198066395568235,0.576095129624487,6.87298906943588,35.6338086647195,10.3131258336867,1.40402763432532,7.49846793993544,42.336212600286,9.17446928401513,1.93766390630558,8.21157898787079,30.9952563488009,9.54707227065881,1.37179512570392,NA,NA,0,0,5.80917428482817,33.4450660036462,1.38778755699104,0.745181024522182,NA,NA,0,0,7.8028931963704,36.9444685270035,8.70406112239089,1.26431160277596,-2.07163587013258,20.1648213374411,-0.948725810275808,0.421443391261206,6.91939898515121,29.9233633992047,8.4994923857868,1.08730672342189,NA,NA,0,0,9.24189752765057,36.3929696452255,10.9288610060261,1.43438077252683,5.71462695517465,33.6142265319764,4.97784890926032,0.75530124768509,4.7794430997457,32.1788357450905,2.41453353164626,0.792150719473313,3.80035816334192,26.4914971615955,5.31201654486056,0.730886913753658,NA,NA,0,0,NA,NA,0,0,NA,NA,0,0,NA,NA,0,0,5.57117835033627,36.3227636421678,5.71517515523016,1.45892945827823,5.97595319043381,35.5262889743166,6.39451405194665,1.11514450190016,4.47897792306051,31.2631338975537,2.05610303949465,0.809616633362134,NA,NA,0,0,6.27626721988309,26.1449790534169,5.79737903225806,0.687956817991552,7.87724402264199,35.0334681746564,9.01162213065166,1.00948635264647,NA,NA,0,0
"2005",NA,NA,0,0,8.31173387705785,37.9524675857249,4.68576908146342,0.951212066248142,NA,NA,0,0,12.2204396795294,39.0583244035512,13.9151702116779,1.98374592667148,10.8049802738877,40.4945388125863,11.2420146941142,1.74881243538506,8.5726993048971,37.13177799261,8.4806631025328,1.25833187818892,6.01011342013395,35.978753344012,3.00126026444614,0.930303072877593,7.9131801110296,33.2380855230045,6.97872828771521,1.01552592021642,NA,NA,0,0,9.95583907142808,38.4777089968344,9.85236564192914,1.73202449948766,3.50754517674577,27.0905552731924,4.40521564694082,0.702592977757865,14.366393374483,43.7753115782602,14.0659667946745,1.99139035144321,-2.30572414366478,20.5583895305849,-2.65800145669153,0.149794789702704,3.34621258712587,28.7371641957816,2.96408669229655,0.608704856870679,NA,NA,0,0,7.65797388861345,34.0782629401974,7.08232440249133,0.9573274331611,8.82535008672843,40.4896336882947,7.5780226133676,1.35056250856717,3.40967303485173,30.1316219744256,3.54541399691474,0.821590184036698,3.84961873616858,27.0309000438283,3.60182571904024,0.840782507013502,NA,NA,0,0,NA,NA,0,0,NA,NA,0,0,NA,NA,0,0,4.63212958289359,37.8744681422638,3.74007455549324,1.13399023442093,7.56035793660077,37.4383746193884,6.76888827121523,1.10885499334357,6.64020400469672,32.6607290405111,7.76304392069158,1.02985112160673,NA,NA,0,0,5.33549101680224,25.7367540966985,5.55589123867069,0.689339183234781,8.89223626095602,36.7118769938293,7.79102205802204,1.29858425398408,NA,NA,0,0
"2006",NA,NA,0,0,9.59826613841452,40.7263673322578,9.6084715557871,1.41859075527823,-0.645941028677044,17.6981607987038,1.79316414371299,0.327115098500898,9.12842289577782,35.0412661557583,8.67105007971375,1.13582242551781,10.9096036041876,44.4182793167065,7.22512995122038,1.1614761420338,11.3113974736046,40.5054978115375,13.5637216647312,1.99665522699243,NA,NA,0,0,7.0122104492649,32.6442848703166,3.79488873128587,0.854620866984841,NA,NA,0,0,14.5596582894158,41.397236479804,11.6334096157397,1.86831766979265,4.65275348670344,24.5999547746992,4.56708362445164,0.406959124854307,9.44473260179158,37.374115923385,10.5838015842292,1.62805293878155,-1.0319958391925,26.4084170184943,-1.01103825106095,0.713213247563207,NA,NA,0,0,NA,NA,0,0,10.890673429135,38.3324292919734,8.15426458226157,0.87963388691925,8.05305185091545,39.2324047464945,6.13967634348994,0.952964829765799,8.88003104270219,34.7515102774712,4.81467889181824,0.935511622063638,8.19926490530746,33.5218431887934,5.08012929784112,0.740186464832144,NA,NA,0,0,NA,NA,0,0,NA,NA,0,0,NA,NA,0,0,15.7707203718048,49.580838574304,15.158846899453,1.77779192839587,10.5024576309338,40.9695476782185,11.5504552216122,1.41998923658977,6.62912139735187,31.1957853589774,5.39520070974709,0.810554720805102,NA,NA,0,0,5.04347534532347,27.7906825204015,4.41212121212121,0.666080962306202,10.7223300248023,41.056611860841,10.3048145721736,1.45688758700079,11.6271463197702,44.273129254303,10.8051022634214,2.09627352947774
"2007",8.13833707721455,43.7307413279215,7.52233373598695,1.91068264936689,14.4418688379307,45.2093476351795,17.1735548384042,2.49065647093982,-1.37689579389429,18.8583696472502,-0.869807505910828,0.427485291886993,9.26278775227051,37.2059127672411,6.65372736331779,1.09497779522864,13.4399356548879,50.6181633985892,16.3094267448476,2.9145588039927,10.2694633669447,41.7345871893131,13.053202844205,1.85373564647831,NA,NA,0,0,7.30303871473321,33.8236016427386,6.69880305338957,1.09897104084923,NA,NA,0,0,17.1957291128166,47.230556154482,14.5113793086222,1.90881790895764,7.43188548864758,29.3797402024559,9.16750756811302,1.4793137316975,7.93792256867883,35.5105758189464,5.96848946725391,1.00909351451909,-0.430517565030839,27.7768120443632,0.383359061880143,0.80401627648826,NA,NA,0,0,NA,NA,0,0,12.9927935606978,42.6416011055173,16.5044654603575,2.60964839774021,12.5591417983995,44.3976257132414,13.2239875275844,2.14324692699736,13.1350508528941,39.7547777355337,14.166222254643,1.42345364847722,8.83888716371204,34.0789489741364,12.2050018648323,1.73927273827878,NA,NA,0,0,NA,NA,0,0,NA,NA,0,0,NA,NA,0,0,NA,NA,0,0,12.7531220524429,42.9080102110959,12.6222742666368,1.72955382241265,11.5272686365997,36.5002635151538,12.8428010536205,1.08238910616887,NA,NA,0,0,5.47295839606969,29.2658499712919,4.36068895643364,0.842624939812011,10.0070517753756,43.0239580140176,13.8716317786702,2.44722097132128,10.9634764761045,41.6736326706601,12.5136977875232,1.68277415479413
"2008",4.11113470325021,36.4455164713007,8.11366309208601,1.60695692307839,12.607194035714,43.8290019249521,17.0977338427643,1.7336121476475,-2.88867389060887,15.7803876028062,-2.25574510781219,0.305096698483098,4.80434636209358,33.9552126565653,3.38748231325545,1.05623309395544,11.0841843905181,48.399494000274,11.5387967707086,2.13867881998707,10.9790372802913,41.8480551970243,10.2601176179649,1.49268994911388,NA,NA,0,0,7.85516315488338,35.4417981017128,6.2184511237429,1.17423414267269,NA,NA,0,0,10.2080024157138,41.7532737479367,9.13317095090803,1.32088923287691,6.10824666610752,27.4168569666989,7.2035568918295,0.687157538615829,9.09137538507922,37.660097856812,11.5110244500542,1.63134133758524,1.26440893942364,27.7578776558639,0.124408835384064,0.940126497613872,NA,NA,0,0,NA,NA,0,0,9.8906679457765,41.8489633701935,13.4714403273067,2.01988899386003,7.36853912992938,42.042219845658,10.8958863691873,2.12299376338011,11.817467683998,41.2342627654308,11.2114385145451,1.42323603819044,6.59888473686873,35.338260795135,8.3943311706359,1.47587071974531,NA,NA,0,0,NA,NA,0,0,NA,NA,0,0,NA,NA,0,0,NA,NA,0,0,11.2913221866802,43.7600674153344,17.4924486986274,2.57689107620864,2.84811000569397,32.2900855725941,2.99703298151881,1.15851370659849,NA,NA,0,0,5.17967817300539,30.5837753504303,6.55353535353535,0.929238923948709,10.6354048000352,42.7439794471091,11.9612192978135,1.54436582594053,11.7751814336008,42.695135723937,16.019233191094,2.37833349467328
"2009",1.42536071895018,31.5777074930615,0.376342432402025,0.8582514883324,6.34395953286659,40.980172406745,8.66552175713693,1.70235672256149,NA,NA,0,0,1.5718117837798,29.3253107875595,3.42495428099165,0.72296165479666,5.45832679574481,41.2615704535144,8.62542673311494,1.88003775894822,6.16372980910426,37.5853138768897,9.57287540933601,1.72663073264058,NA,NA,0,0,4.77628555863474,35.0768265018771,5.4270603420686,1.05639863751039,NA,NA,0,0,11.6826343204101,40.905407514057,15.4963456182068,2.16300594367528,6.73889326415269,30.3703389056909,7.36555891238671,0.768833430860069,8.52814912143239,36.6196909076296,9.23369981001869,1.5530247985179,0.341277918362856,23.5120359631908,1.20858162483378,1.22478377736063,NA,NA,0,0,NA,NA,0,0,6.58806663700628,37.2794487761195,9.24956978851888,1.92356241546905,4.80191912032864,39.3327014858735,7.15400448714609,2.33182563801727,11.11043481829,41.6711093966183,9.96720730969878,1.31581065896709,3.96592608000416,30.9111318751171,2.77765370727633,0.750758269380273,NA,NA,0,0,NA,NA,0,0,NA,NA,0,0,NA,NA,0,0,NA,NA,0,0,1.36083934610591,37.7679573396354,3.55581724142549,1.6571080924194,2.4155266808154,30.2330929090368,4.84708664931107,1.03814238145498,NA,NA,0,0,2.25716738518812,27.0412923123292,3.04887983706721,0.939305937233732,6.7399525243625,39.2342357351209,6.47995991551516,1.79139630997061,6.5854115418624,37.444481037527,6.34510204440437,1.88854595595552
"2010",3.86663029814283,35.0841196756381,5.11639891383008,1.21584602096107,3.82151322990979,38.1865360248754,5.29059244936365,1.35264351874771,NA,NA,0,0,-2.37405446014922,26.350873708409,-4.0225594053969,0.482899832266122,6.46050585832309,41.303895953368,3.57373009476032,1.80542534076906,3.40172395580251,32.9410835230977,2.07660695934941,0.950311534847303,NA,NA,0,0,5.51360860857368,38.7932091764831,5.00745083461436,1.50783470814126,NA,NA,0,0,4.58623034315093,40.5534343112965,6.33164059701507,1.6991752237075,4.65724949967464,32.0449920244969,7.14892676782584,1.31173199526835,2.96485690664212,34.125113272432,5.14174458720704,1.51450173975771,0.845105878868651,24.745674580087,0.21950802379629,0.120844982274834,NA,NA,0,0,NA,NA,0,0,6.20210557112791,37.7616879488133,7.56179830041996,1.25136478287965,NA,NA,0,0,7.49816144035797,39.6020427622049,6.9393396886017,2.07410376131264,6.24288323036488,33.1700448366681,6.51425962633477,1.22611480408842,NA,NA,0,0,NA,NA,0,0,NA,NA,0,0,NA,NA,0,0,NA,NA,0,0,-4.01385319115507,33.8157083657475,-1.78399524659155,1.23789696452836,0.510381418410648,28.9961415119794,-0.170267285286785,0.792615558685968,NA,NA,0,0,4.79016749435503,28.3046457139386,4.55724848774988,0.873715318457857,6.90915983622912,35.8901906755066,9.64850177206926,1.49861741199914,2.99457847179577,30.2538829109251,2.79032186299568,1.01466812691141
"2011",NA,NA,0,0,5.25684425633529,38.2243779194294,7.84764994697754,1.57524089368185,NA,NA,0,0,-2.39059471303762,26.8480944947098,-1.84841405591515,0.876968648422498,9.99195997011001,43.6243885245676,10.7139546700821,1.85232895873763,6.290969553834,35.5498647134208,9.31968101485275,1.41881577500179,NA,NA,0,0,1.73413162020785,34.6475209219316,3.87141214079534,1.19976425411489,NA,NA,0,0,9.25449789741394,42.675489157363,11.1063819845223,1.89415148975508,6.67021828908555,32.7570524200528,9.07619834552069,1.7785749975916,2.18581357901388,32.3685747791854,4.06831799230895,1.52798564560381,0.135338119986782,24.2759128267879,1.35054592612061,0.499840458893126,NA,NA,0,0,NA,NA,0,0,6.12951227067452,40.8308019456792,8.40744415598677,2.55032494208894,NA,NA,0,0,NA,NA,0,0,5.36120347078546,32.5886836727332,7.13647726230356,1.12751187668237,NA,NA,0,0,NA,NA,0,0,NA,NA,0,0,NA,NA,0,0,NA,NA,0,0,2.69367235999451,37.9115601775967,3.74578842135126,1.43153217272392,3.36374073557539,31.1358701799331,3.35555278412524,0.725617977772266,NA,NA,0,0,4.04526775653686,30.3144875848471,7.92855728964959,1.29484512884043,9.49404630262576,41.3508741527013,11.4719487036256,1.65822699087033,2.35953774654719,32.2309382665558,2.80387901129931,0.845290692003872
"2012",NA,NA,0,0,6.39809369612006,42.2890050121021,2.61773956249928,2.35616442249194,NA,NA,0,0,-1.90224832283751,28.3050851016509,-2.90015595976331,0.603763915679399,4.85082154902992,39.7248894418306,1.14352421808107,1.09833601758472,NA,NA,0,0,NA,NA,0,0,-0.801395195496367,33.5570411624764,-0.301336144162817,2.05734579981207,NA,NA,0,0,7.29349913644214,42.6753881754699,7.776575031044,1.90414844539137,7.87889312831954,31.8260982397666,7.06538761726874,0.935554509295231,-0.261874702294242,28.3982696114764,-1.47715841758902,0.641487511089025,0.314356368746791,28.5924292098228,2.25207994822598,4.7069691965177,NA,NA,0,0,NA,NA,0,0,2.88436115474192,42.1619735140645,-0.784387821677326,0.727795984311784,NA,NA,0,0,NA,NA,0,0,3.98463048067742,31.6719685720522,2.78620519517744,0.902320741318588,NA,NA,0,0,NA,NA,0,0,NA,NA,0,0,NA,NA,0,0,NA,NA,0,0,5.09058669973742,40.4883244956605,7.76703569347498,1.90214499688177,-1.24184837667942,26.0431381420212,-1.86500590911952,0.96171048158748,4.03234466653182,41.0637583266312,2.82831325301205,1.49477073653412,2.88242853663397,28.5938691058416,1.65474065622136,0.738800144436794,NA,NA,0,0,1.31890859191982,29.5104353599942,0.649005678412798,0.835573492427267
"2013",2.98303213233691,38.6022788599181,3.81255011351462,1.67222636200675,5.90288131986716,44.011264899787,7.56087604169945,3.3354418054874,NA,NA,0,0,-1.06319097848084,26.3096651120393,-0.435258491878756,0.711945932879733,9.12900541512471,41.295801889088,11.1706156962581,2.14206310091436,NA,NA,0,0,NA,NA,0,0,1.98080815882977,37.7094583278159,-0.603288485724174,0.733789430911392,NA,NA,0,0,10.5890127801343,44.2152240086453,14.0644468725723,2.53523947268007,12.8554580507911,40.615900752151,13.2918821424366,1.73701360364838,5.72370352747297,34.7600788295616,4.11815362251132,1.22225544702681,0.0195236181740082,29.1837206443728,3.11634545419471,2.61109746309288,NA,NA,0,0,NA,NA,0,0,10.7472597592275,47.6338921604433,12.3827778923871,1.99408916053824,NA,NA,0,0,NA,NA,0,0,5.56032854088425,35.0564912307758,5.30597108189439,1.25597786170045,NA,NA,0,0,NA,NA,0,0,NA,NA,0,0,NA,NA,0,0,NA,NA,0,0,3.75796035581705,38.9918057728525,3.59626063208076,1.33433335246767,2.85761689291101,29.7715777983683,2.32013530060096,0.618066774547833,5.18209996125533,41.4615130315162,4.81681681681682,1.78338902016385,7.24790499239843,30.344058444747,4.98066842063206,0.838520327235711,NA,NA,0,0,8.12742895489292,37.6212384540433,10.623269101037,1.72017357722062
